Id,task_1,task_2
data/test/melanoma/ISIC_0012258.jpg,0.4932865,0.98912954
data/test/melanoma/ISIC_0012356.jpg,0.46776178,0.73258674
data/test/melanoma/ISIC_0012369.jpg,0.7606631,3.8676e-05
data/test/melanoma/ISIC_0012395.jpg,0.5921879,0.0003636622
data/test/melanoma/ISIC_0012425.jpg,0.05197173,0.0015547794
data/test/melanoma/ISIC_0012758.jpg,0.070498876,5.7662208e-05
data/test/melanoma/ISIC_0012989.jpg,0.88316077,0.00087344553
data/test/melanoma/ISIC_0013072.jpg,0.45202774,0.34733024
data/test/melanoma/ISIC_0013073.jpg,0.98590916,6.407247e-05
data/test/melanoma/ISIC_0013242.jpg,0.831081,0.17222689
data/test/melanoma/ISIC_0013277.jpg,0.45046398,0.17357141
data/test/melanoma/ISIC_0013321.jpg,0.07052512,0.45496592
data/test/melanoma/ISIC_0013374.jpg,0.91127014,0.15700056
data/test/melanoma/ISIC_0013411.jpg,0.691544,0.34072664
data/test/melanoma/ISIC_0013414.jpg,0.26184732,2.5283342e-05
data/test/melanoma/ISIC_0013455.jpg,0.5866207,4.050038e-05
data/test/melanoma/ISIC_0013457.jpg,0.80498296,0.00451641
data/test/melanoma/ISIC_0013459.jpg,0.13219239,0.0062323753
data/test/melanoma/ISIC_0013472.jpg,0.319575,0.00075717823
data/test/melanoma/ISIC_0013473.jpg,0.9913412,0.010691206
data/test/melanoma/ISIC_0013565.jpg,0.20582767,0.00892916
data/test/melanoma/ISIC_0013577.jpg,0.7661556,0.7888907
data/test/melanoma/ISIC_0013588.jpg,0.73505,0.7308986
data/test/melanoma/ISIC_0013615.jpg,0.80955535,0.0016942498
data/test/melanoma/ISIC_0013617.jpg,0.30861974,0.015531657
data/test/melanoma/ISIC_0013636.jpg,0.75092036,2.7322092e-05
data/test/melanoma/ISIC_0013678.jpg,0.2662815,0.040982354
data/test/melanoma/ISIC_0013696.jpg,0.15085992,0.0008120094
data/test/melanoma/ISIC_0013733.jpg,0.47767302,0.009210489
data/test/melanoma/ISIC_0013739.jpg,0.3131892,0.0020284439
data/test/melanoma/ISIC_0013766.jpg,0.50986826,5.482289e-05
data/test/melanoma/ISIC_0013767.jpg,0.94945663,0.01326028
data/test/melanoma/ISIC_0013813.jpg,0.63985425,0.0035625903
data/test/melanoma/ISIC_0013814.jpg,0.12850352,0.010902487
data/test/melanoma/ISIC_0013833.jpg,0.93764067,0.015362003
data/test/melanoma/ISIC_0013842.jpg,0.1554691,0.06305872
data/test/melanoma/ISIC_0013867.jpg,0.87598073,0.18276952
data/test/melanoma/ISIC_0013908.jpg,0.6454535,0.0069255475
data/test/melanoma/ISIC_0013917.jpg,0.18539524,0.00052680186
data/test/melanoma/ISIC_0013925.jpg,0.215486,0.9854165
data/test/melanoma/ISIC_0013948.jpg,0.94948643,0.00031123657
data/test/melanoma/ISIC_0013953.jpg,0.5104252,0.0074034836
data/test/melanoma/ISIC_0013987.jpg,0.3526651,0.33409405
data/test/melanoma/ISIC_0013988.jpg,0.764439,0.12127187
data/test/melanoma/ISIC_0014027.jpg,0.07183265,0.016248351
data/test/melanoma/ISIC_0014059.jpg,0.016274607,8.486807e-05
data/test/melanoma/ISIC_0014077.jpg,0.9767113,0.00044240634
data/test/melanoma/ISIC_0014103.jpg,0.6414175,0.008078653
data/test/melanoma/ISIC_0014110.jpg,0.26536143,2.8360884e-05
data/test/melanoma/ISIC_0014129.jpg,0.9868161,0.0010120046
data/test/melanoma/ISIC_0014148.jpg,0.3833036,0.43775117
data/test/melanoma/ISIC_0014160.jpg,0.991059,8.103321e-06
data/test/melanoma/ISIC_0014181.jpg,0.9535933,0.31442088
data/test/melanoma/ISIC_0014186.jpg,0.6065688,0.04711339
data/test/melanoma/ISIC_0014219.jpg,0.6483127,0.37213516
data/test/melanoma/ISIC_0014221.jpg,0.74820745,0.05910771
data/test/melanoma/ISIC_0014233.jpg,0.30275378,0.9642128
data/test/melanoma/ISIC_0014255.jpg,0.053277306,0.8442591
data/test/melanoma/ISIC_0014270.jpg,0.30551615,0.24191707
data/test/melanoma/ISIC_0014284.jpg,0.5902341,0.0261218
data/test/melanoma/ISIC_0014288.jpg,0.23209223,0.06277508
data/test/melanoma/ISIC_0014319.jpg,0.80696034,0.0002856876
data/test/melanoma/ISIC_0014336.jpg,0.20230891,0.016497636
data/test/melanoma/ISIC_0014349.jpg,0.94538146,0.000121211335
data/test/melanoma/ISIC_0014369.jpg,0.9538489,0.0012380447
data/test/melanoma/ISIC_0014423.jpg,0.62662405,0.030965572
data/test/melanoma/ISIC_0014434.jpg,0.14926724,0.99500483
data/test/melanoma/ISIC_0014454.jpg,0.80442184,0.77069175
data/test/melanoma/ISIC_0014478.jpg,0.16377261,0.00019109811
data/test/melanoma/ISIC_0014489.jpg,0.67382157,0.00019554229
data/test/melanoma/ISIC_0014506.jpg,0.77860695,0.34724647
data/test/melanoma/ISIC_0014513.jpg,0.3834694,9.123846e-05
data/test/melanoma/ISIC_0014541.jpg,0.97136974,0.0007192944
data/test/melanoma/ISIC_0014542.jpg,0.33530515,0.10143375
data/test/melanoma/ISIC_0014546.jpg,0.9342484,0.0001569879
data/test/melanoma/ISIC_0014548.jpg,0.7727237,0.00011610675
data/test/melanoma/ISIC_0014559.jpg,0.9460439,0.0012203
data/test/melanoma/ISIC_0014663.jpg,0.959663,0.0008881962
data/test/melanoma/ISIC_0014666.jpg,0.7480011,0.02906411
data/test/melanoma/ISIC_0014695.jpg,0.104564466,0.9904418
data/test/melanoma/ISIC_0014703.jpg,0.8927554,0.0047170077
data/test/melanoma/ISIC_0014727.jpg,0.8789399,0.07212903
data/test/melanoma/ISIC_0014766.jpg,0.51336896,0.11490289
data/test/melanoma/ISIC_0014772.jpg,0.61727136,0.07927773
data/test/melanoma/ISIC_0014784.jpg,0.56693333,0.11680232
data/test/melanoma/ISIC_0014790.jpg,0.12954913,0.0030078343
data/test/melanoma/ISIC_0014800.jpg,0.94785994,0.010742604
data/test/melanoma/ISIC_0014826.jpg,0.18417948,9.711791e-05
data/test/melanoma/ISIC_0014862.jpg,0.31823584,0.0044899425
data/test/melanoma/ISIC_0014872.jpg,0.26595142,0.9364092
data/test/melanoma/ISIC_0014883.jpg,0.08246217,0.0017196719
data/test/melanoma/ISIC_0014912.jpg,0.96636415,0.0035719122
data/test/melanoma/ISIC_0014928.jpg,0.051009193,0.002318854
data/test/melanoma/ISIC_0014932.jpg,0.7816504,6.005074e-05
data/test/melanoma/ISIC_0014963.jpg,0.6684103,0.106505975
data/test/melanoma/ISIC_0014982.jpg,0.18789294,0.00016775732
data/test/melanoma/ISIC_0015004.jpg,0.14398581,0.0073233917
data/test/melanoma/ISIC_0015041.jpg,0.34287933,0.25087926
data/test/melanoma/ISIC_0015046.jpg,0.06130668,0.5513876
data/test/melanoma/ISIC_0015050.jpg,0.10768158,0.0005352877
data/test/melanoma/ISIC_0015071.jpg,0.6829353,0.0016318844
data/test/melanoma/ISIC_0015115.jpg,0.9308537,0.00077030825
data/test/melanoma/ISIC_0015119.jpg,0.8885512,0.0005978645
data/test/melanoma/ISIC_0015127.jpg,0.47942343,6.233953e-06
data/test/melanoma/ISIC_0015132.jpg,0.9391589,0.03739329
data/test/melanoma/ISIC_0015133.jpg,0.89316887,0.63372254
data/test/melanoma/ISIC_0015136.jpg,0.8730135,7.625569e-05
data/test/melanoma/ISIC_0015142.jpg,0.982222,0.7585337
data/test/melanoma/ISIC_0015156.jpg,0.11010822,0.003332924
data/test/melanoma/ISIC_0015163.jpg,0.9135722,0.00077297265
data/test/melanoma/ISIC_0015167.jpg,0.9955401,0.005682724
data/test/melanoma/ISIC_0015180.jpg,0.3771224,0.96130025
data/test/melanoma/ISIC_0015185.jpg,0.7003971,0.023235247
data/test/melanoma/ISIC_0015193.jpg,0.5175473,0.00013050236
data/test/melanoma/ISIC_0015206.jpg,0.7162929,9.9524346e-05
data/test/melanoma/ISIC_0015229.jpg,0.94018334,0.028121445
data/test/melanoma/ISIC_0015251.jpg,0.20197278,0.006483946
data/test/nevus/ISIC_0012092.jpg,0.05354903,0.0003139611
data/test/nevus/ISIC_0012095.jpg,0.2807382,0.0001051326
data/test/nevus/ISIC_0012147.jpg,0.025446422,0.0025332887
data/test/nevus/ISIC_0012149.jpg,0.019224025,0.995891
data/test/nevus/ISIC_0012152.jpg,0.30109057,0.26239088
data/test/nevus/ISIC_0012216.jpg,0.23049401,0.5227717
data/test/nevus/ISIC_0012357.jpg,0.871437,0.050818305
data/test/nevus/ISIC_0012484.jpg,0.12052103,0.97974384
data/test/nevus/ISIC_0012493.jpg,0.10299306,0.019414831
data/test/nevus/ISIC_0012551.jpg,0.019369643,0.07496716
data/test/nevus/ISIC_0012654.jpg,0.005745404,0.055834837
data/test/nevus/ISIC_0012656.jpg,0.039083064,0.00055821415
data/test/nevus/ISIC_0012708.jpg,0.020615317,0.00021037775
data/test/nevus/ISIC_0012722.jpg,0.008337095,0.00050062715
data/test/nevus/ISIC_0012803.jpg,0.39620712,0.33883634
data/test/nevus/ISIC_0012836.jpg,0.13860875,0.0017173813
data/test/nevus/ISIC_0012837.jpg,0.054062765,0.9899448
data/test/nevus/ISIC_0012903.jpg,0.11639938,0.00017597715
data/test/nevus/ISIC_0012904.jpg,0.019636031,0.45718002
data/test/nevus/ISIC_0012941.jpg,0.0059199994,0.053356342
data/test/nevus/ISIC_0012967.jpg,0.021852849,0.02886076
data/test/nevus/ISIC_0013045.jpg,0.09933919,3.00983e-06
data/test/nevus/ISIC_0013070.jpg,0.24506998,0.0022520402
data/test/nevus/ISIC_0013109.jpg,0.011217349,9.126204e-05
data/test/nevus/ISIC_0013159.jpg,0.2848267,0.9997458
data/test/nevus/ISIC_0013164.jpg,0.14320192,0.0020511388
data/test/nevus/ISIC_0013176.jpg,0.027640466,7.698627e-05
data/test/nevus/ISIC_0013191.jpg,0.17451741,0.038061008
data/test/nevus/ISIC_0013216.jpg,0.027779529,0.13621841
data/test/nevus/ISIC_0013226.jpg,0.2829049,0.36294174
data/test/nevus/ISIC_0013230.jpg,0.037889037,0.00025768907
data/test/nevus/ISIC_0013269.jpg,0.24686456,3.0076124e-05
data/test/nevus/ISIC_0013291.jpg,0.2632237,0.00027374073
data/test/nevus/ISIC_0013325.jpg,0.026817737,0.0006104844
data/test/nevus/ISIC_0013399.jpg,0.026729131,0.00032716358
data/test/nevus/ISIC_0013416.jpg,0.017794669,7.270047e-05
data/test/nevus/ISIC_0013511.jpg,0.548362,0.77713966
data/test/nevus/ISIC_0013512.jpg,0.1592212,0.12282704
data/test/nevus/ISIC_0013529.jpg,0.9609549,1.9223151e-05
data/test/nevus/ISIC_0013600.jpg,0.017944803,0.0010926881
data/test/nevus/ISIC_0013602.jpg,0.47384292,0.003454183
data/test/nevus/ISIC_0013738.jpg,0.0058613895,3.7714086e-05
data/test/nevus/ISIC_0013794.jpg,0.014706066,9.094885e-05
data/test/nevus/ISIC_0013809.jpg,0.89257354,0.011024301
data/test/nevus/ISIC_0013891.jpg,0.056886155,0.00012480145
data/test/nevus/ISIC_0013897.jpg,0.10927272,0.15144731
data/test/nevus/ISIC_0013911.jpg,0.08028931,0.57931894
data/test/nevus/ISIC_0013966.jpg,0.05344536,0.9495899
data/test/nevus/ISIC_0013998.jpg,0.033004325,0.00045755378
data/test/nevus/ISIC_0014090.jpg,0.07946338,0.00019828703
data/test/nevus/ISIC_0014117.jpg,0.023682214,0.00023683795
data/test/nevus/ISIC_0014470.jpg,0.07415923,0.035640147
data/test/nevus/ISIC_0014675.jpg,0.23904696,0.00083192566
data/test/nevus/ISIC_0014677.jpg,0.024034666,7.027699e-05
data/test/nevus/ISIC_0014687.jpg,0.14906138,0.0023165836
data/test/nevus/ISIC_0014693.jpg,0.6889818,0.013219668
data/test/nevus/ISIC_0014697.jpg,0.26706737,0.009710186
data/test/nevus/ISIC_0014698.jpg,0.017019667,0.0016238883
data/test/nevus/ISIC_0014720.jpg,0.43699315,0.0007096021
data/test/nevus/ISIC_0014725.jpg,0.67097706,0.000112313544
data/test/nevus/ISIC_0014728.jpg,0.16920522,0.008087339
data/test/nevus/ISIC_0014729.jpg,0.219937,0.39421126
data/test/nevus/ISIC_0014740.jpg,0.8222007,0.89956737
data/test/nevus/ISIC_0014743.jpg,0.35203496,0.13367331
data/test/nevus/ISIC_0014746.jpg,0.09053957,0.23387188
data/test/nevus/ISIC_0014749.jpg,0.054567087,0.0003293062
data/test/nevus/ISIC_0014753.jpg,0.4871664,0.00094436534
data/test/nevus/ISIC_0014755.jpg,0.29360664,0.0004945957
data/test/nevus/ISIC_0014765.jpg,0.033067502,0.0016918386
data/test/nevus/ISIC_0014768.jpg,0.025628276,0.00021569796
data/test/nevus/ISIC_0014773.jpg,0.40593877,0.007935524
data/test/nevus/ISIC_0014780.jpg,0.43745357,0.0003210831
data/test/nevus/ISIC_0014786.jpg,0.54738,0.03874098
data/test/nevus/ISIC_0014787.jpg,0.95704156,0.004425951
data/test/nevus/ISIC_0014792.jpg,0.04532349,0.9811545
data/test/nevus/ISIC_0014796.jpg,0.15632802,0.03299779
data/test/nevus/ISIC_0014798.jpg,0.40030655,0.003655688
data/test/nevus/ISIC_0014807.jpg,0.5941181,0.0003786366
data/test/nevus/ISIC_0014814.jpg,0.48060837,3.8455805e-06
data/test/nevus/ISIC_0014815.jpg,0.43558145,0.00068959675
data/test/nevus/ISIC_0014820.jpg,0.18173444,0.0014571776
data/test/nevus/ISIC_0014822.jpg,0.020226043,0.012382951
data/test/nevus/ISIC_0014833.jpg,0.9082157,0.028611166
data/test/nevus/ISIC_0014835.jpg,0.7606947,0.024340142
data/test/nevus/ISIC_0014844.jpg,0.04299415,0.00029159518
data/test/nevus/ISIC_0014853.jpg,0.01625949,1.2067982e-05
data/test/nevus/ISIC_0014854.jpg,0.16499035,0.00011767377
data/test/nevus/ISIC_0014863.jpg,0.5502627,0.067944735
data/test/nevus/ISIC_0014867.jpg,0.03143188,0.041995645
data/test/nevus/ISIC_0014868.jpg,0.044089787,0.00017810751
data/test/nevus/ISIC_0014876.jpg,0.12616654,0.002045723
data/test/nevus/ISIC_0014879.jpg,0.026364623,0.024071816
data/test/nevus/ISIC_0014901.jpg,0.022509066,0.0020245865
data/test/nevus/ISIC_0014907.jpg,0.13719915,0.37078562
data/test/nevus/ISIC_0014910.jpg,0.93932164,0.016645104
data/test/nevus/ISIC_0014921.jpg,0.033299826,3.6194967e-06
data/test/nevus/ISIC_0014927.jpg,0.21284291,0.0012647688
data/test/nevus/ISIC_0014936.jpg,0.08944541,1.3788619e-05
data/test/nevus/ISIC_0014938.jpg,0.56641823,1.0857661e-05
data/test/nevus/ISIC_0014940.jpg,0.13180885,4.0870993e-05
data/test/nevus/ISIC_0014941.jpg,0.23101033,2.2636512e-05
data/test/nevus/ISIC_0014942.jpg,0.069622874,0.0001331648
data/test/nevus/ISIC_0014943.jpg,0.06498085,8.2620136e-05
data/test/nevus/ISIC_0014944.jpg,0.041423745,9.572513e-05
data/test/nevus/ISIC_0014947.jpg,0.07111981,0.00040042857
data/test/nevus/ISIC_0014948.jpg,0.401642,0.006361831
data/test/nevus/ISIC_0014949.jpg,0.33668187,2.6056536e-05
data/test/nevus/ISIC_0014952.jpg,0.33601496,0.0029180509
data/test/nevus/ISIC_0014955.jpg,0.58832,0.0004825615
data/test/nevus/ISIC_0014956.jpg,0.7790151,2.515252e-06
data/test/nevus/ISIC_0014957.jpg,0.030139541,1.0607573e-05
data/test/nevus/ISIC_0014958.jpg,0.35918522,0.0009791286
data/test/nevus/ISIC_0014959.jpg,0.051677834,3.614755e-05
data/test/nevus/ISIC_0014961.jpg,0.85687876,0.0019424944
data/test/nevus/ISIC_0014962.jpg,0.10730636,0.0032907233
data/test/nevus/ISIC_0014964.jpg,0.008047187,0.000117660755
data/test/nevus/ISIC_0014966.jpg,0.5258982,0.00020066083
data/test/nevus/ISIC_0014968.jpg,0.79875284,0.2220997
data/test/nevus/ISIC_0014969.jpg,0.6202189,0.32607004
data/test/nevus/ISIC_0014973.jpg,0.085403726,0.00025426934
data/test/nevus/ISIC_0014974.jpg,0.16157117,0.78122616
data/test/nevus/ISIC_0014977.jpg,0.21829477,0.0009718015
data/test/nevus/ISIC_0014992.jpg,0.07491783,0.0010165282
data/test/nevus/ISIC_0014994.jpg,0.07676472,0.002782822
data/test/nevus/ISIC_0014998.jpg,0.5138316,0.02494071
data/test/nevus/ISIC_0015002.jpg,0.023018576,0.0026315125
data/test/nevus/ISIC_0015003.jpg,0.04315812,0.020111935
data/test/nevus/ISIC_0015007.jpg,0.046388227,0.008909603
data/test/nevus/ISIC_0015008.jpg,0.041594002,0.8648432
data/test/nevus/ISIC_0015009.jpg,0.63206464,0.7756025
data/test/nevus/ISIC_0015011.jpg,0.024073653,0.057717323
data/test/nevus/ISIC_0015013.jpg,0.6722272,0.0070159533
data/test/nevus/ISIC_0015015.jpg,0.17362814,0.04597837
data/test/nevus/ISIC_0015016.jpg,0.5933088,0.001598627
data/test/nevus/ISIC_0015018.jpg,0.010344826,0.21150236
data/test/nevus/ISIC_0015019.jpg,0.47654688,0.078402296
data/test/nevus/ISIC_0015020.jpg,0.29430428,0.0005449239
data/test/nevus/ISIC_0015021.jpg,0.041070078,0.00040817718
data/test/nevus/ISIC_0015023.jpg,0.42661658,0.0039641582
data/test/nevus/ISIC_0015026.jpg,0.57303643,0.91277224
data/test/nevus/ISIC_0015030.jpg,0.21188293,1.1671735e-05
data/test/nevus/ISIC_0015031.jpg,0.14629932,0.28001496
data/test/nevus/ISIC_0015034.jpg,0.32647616,0.055143476
data/test/nevus/ISIC_0015035.jpg,0.03320379,0.0077612633
data/test/nevus/ISIC_0015037.jpg,0.10462649,0.014002574
data/test/nevus/ISIC_0015040.jpg,0.0032878593,0.018782586
data/test/nevus/ISIC_0015051.jpg,0.05562948,0.06952826
data/test/nevus/ISIC_0015056.jpg,0.9637132,0.10025049
data/test/nevus/ISIC_0015057.jpg,0.4925917,0.008590008
data/test/nevus/ISIC_0015060.jpg,0.030608248,0.19127852
data/test/nevus/ISIC_0015064.jpg,0.7882479,0.025650844
data/test/nevus/ISIC_0015078.jpg,0.05958979,0.9999888
data/test/nevus/ISIC_0015089.jpg,0.10332895,0.041776467
data/test/nevus/ISIC_0015102.jpg,0.6326058,0.78826237
data/test/nevus/ISIC_0015118.jpg,0.6955047,0.0012906755
data/test/nevus/ISIC_0015125.jpg,0.21164137,9.017675e-06
data/test/nevus/ISIC_0015129.jpg,0.14508672,0.3021286
data/test/nevus/ISIC_0015130.jpg,0.28385094,4.4287994e-05
data/test/nevus/ISIC_0015139.jpg,0.012765106,0.0006347685
data/test/nevus/ISIC_0015140.jpg,0.56064385,0.0022264523
data/test/nevus/ISIC_0015146.jpg,0.42454144,3.869061e-05
data/test/nevus/ISIC_0015149.jpg,0.76045316,0.0007335627
data/test/nevus/ISIC_0015150.jpg,0.79900026,6.762571e-05
data/test/nevus/ISIC_0015152.jpg,0.0752919,0.22381882
data/test/nevus/ISIC_0015155.jpg,0.09843064,0.036619633
data/test/nevus/ISIC_0015157.jpg,0.08648085,0.0058904486
data/test/nevus/ISIC_0015160.jpg,0.06155388,0.8007811
data/test/nevus/ISIC_0015161.jpg,0.053095568,0.08881498
data/test/nevus/ISIC_0015171.jpg,0.061742794,0.030374672
data/test/nevus/ISIC_0015173.jpg,0.21749215,0.14232613
data/test/nevus/ISIC_0015174.jpg,0.44992757,0.0009610728
data/test/nevus/ISIC_0015175.jpg,0.041136116,0.004062176
data/test/nevus/ISIC_0015176.jpg,0.54667836,0.026024576
data/test/nevus/ISIC_0015179.jpg,0.786656,0.0010636628
data/test/nevus/ISIC_0015184.jpg,0.06723219,0.12422335
data/test/nevus/ISIC_0015201.jpg,0.24233948,1.7717486e-05
data/test/nevus/ISIC_0015202.jpg,0.023985742,0.00017348408
data/test/nevus/ISIC_0015203.jpg,0.816684,0.12904653
data/test/nevus/ISIC_0015207.jpg,0.52179784,0.10203553
data/test/nevus/ISIC_0015208.jpg,0.80736935,0.00504045
data/test/nevus/ISIC_0015212.jpg,0.004579136,5.357214e-05
data/test/nevus/ISIC_0015215.jpg,0.19458143,0.0011656043
data/test/nevus/ISIC_0015216.jpg,0.29601514,0.00435783
data/test/nevus/ISIC_0015217.jpg,0.03750534,0.004800151
data/test/nevus/ISIC_0015218.jpg,0.30207244,3.660095e-05
data/test/nevus/ISIC_0015223.jpg,0.04556673,8.575677e-05
data/test/nevus/ISIC_0015224.jpg,0.60916126,0.22241805
data/test/nevus/ISIC_0015226.jpg,0.08884355,0.016469304
data/test/nevus/ISIC_0015232.jpg,0.15713343,0.32237768
data/test/nevus/ISIC_0015237.jpg,0.54768175,0.097304106
data/test/nevus/ISIC_0015241.jpg,0.0053738905,1.5049342e-05
data/test/nevus/ISIC_0015244.jpg,0.4408359,0.083718345
data/test/nevus/ISIC_0015245.jpg,0.16705771,0.0050854385
data/test/nevus/ISIC_0015250.jpg,0.4692426,0.014894535
data/test/nevus/ISIC_0015254.jpg,0.8327167,0.0009170854
data/test/nevus/ISIC_0015255.jpg,0.26819,0.16058105
data/test/nevus/ISIC_0015258.jpg,0.42918128,0.03913892
data/test/nevus/ISIC_0015264.jpg,0.14570208,0.45825654
data/test/nevus/ISIC_0015270.jpg,0.6073446,0.0029778471
data/test/nevus/ISIC_0015273.jpg,0.52937025,0.04456326
data/test/nevus/ISIC_0015274.jpg,0.82715553,0.032113116
data/test/nevus/ISIC_0015276.jpg,0.19851224,0.0020132132
data/test/nevus/ISIC_0015279.jpg,0.022827337,0.8372815
data/test/nevus/ISIC_0015283.jpg,0.09031419,5.6076944e-05
data/test/nevus/ISIC_0015291.jpg,0.21566647,0.65778
data/test/nevus/ISIC_0015293.jpg,0.020244673,0.020906137
data/test/nevus/ISIC_0015298.jpg,0.11044601,0.00068805076
data/test/nevus/ISIC_0015309.jpg,0.06541225,0.8107391
data/test/nevus/ISIC_0015310.jpg,0.71534747,0.010708371
data/test/nevus/ISIC_0015311.jpg,0.24555993,4.6813922e-05
data/test/nevus/ISIC_0015312.jpg,0.08097982,0.00010752753
data/test/nevus/ISIC_0015330.jpg,0.04156902,0.00013828072
data/test/nevus/ISIC_0015331.jpg,0.016623419,0.054106604
data/test/nevus/ISIC_0015347.jpg,0.16961432,0.0004122739
data/test/nevus/ISIC_0015353.jpg,0.7575351,0.5330986
data/test/nevus/ISIC_0015355.jpg,0.16063093,0.0041984846
data/test/nevus/ISIC_0015357.jpg,0.020958671,0.0015914275
data/test/nevus/ISIC_0015360.jpg,0.55282867,0.0010511926
data/test/nevus/ISIC_0015363.jpg,0.11084675,0.885431
data/test/nevus/ISIC_0015364.jpg,0.31189343,0.00040174945
data/test/nevus/ISIC_0015368.jpg,0.8100428,0.0005497445
data/test/nevus/ISIC_0015369.jpg,0.059698384,0.61387014
data/test/nevus/ISIC_0015383.jpg,0.30718234,0.00010475912
data/test/nevus/ISIC_0015386.jpg,0.61317116,0.0020040446
data/test/nevus/ISIC_0015390.jpg,0.58365566,0.0019758607
data/test/nevus/ISIC_0015395.jpg,0.0016208892,0.8239723
data/test/nevus/ISIC_0015403.jpg,0.72217,0.18111905
data/test/nevus/ISIC_0015404.jpg,0.5826749,0.00018022912
data/test/nevus/ISIC_0015411.jpg,0.07855753,0.0018293356
data/test/nevus/ISIC_0015412.jpg,0.061031252,0.007776867
data/test/nevus/ISIC_0015416.jpg,0.98354244,0.007932345
data/test/nevus/ISIC_0015417.jpg,0.87427527,0.00021870033
data/test/nevus/ISIC_0015418.jpg,0.42373008,0.0056249737
data/test/nevus/ISIC_0015419.jpg,0.076690555,0.0072354763
data/test/nevus/ISIC_0015436.jpg,0.30821237,0.020257663
data/test/nevus/ISIC_0015440.jpg,0.027991436,0.00038694756
data/test/nevus/ISIC_0015447.jpg,0.7039172,0.0104004
data/test/nevus/ISIC_0015455.jpg,0.59275365,0.6102625
data/test/nevus/ISIC_0015464.jpg,0.593844,0.002640428
data/test/nevus/ISIC_0015466.jpg,0.57597774,0.0001132333
data/test/nevus/ISIC_0015468.jpg,0.08357362,0.0030039588
data/test/nevus/ISIC_0015476.jpg,0.06418195,0.005512172
data/test/nevus/ISIC_0015481.jpg,0.24724483,0.0022635336
data/test/nevus/ISIC_0015482.jpg,0.7712294,0.001578489
data/test/nevus/ISIC_0015485.jpg,0.0014627262,0.859317
data/test/nevus/ISIC_0015510.jpg,0.1444037,0.027687049
data/test/nevus/ISIC_0015526.jpg,0.16353276,0.000102787984
data/test/nevus/ISIC_0015537.jpg,0.17047852,0.030152716
data/test/nevus/ISIC_0015544.jpg,0.36959052,0.00018906208
data/test/nevus/ISIC_0015559.jpg,0.6537999,7.787861e-05
data/test/nevus/ISIC_0015563.jpg,0.2263084,0.107423894
data/test/nevus/ISIC_0015566.jpg,0.06699165,0.0021693376
data/test/nevus/ISIC_0015568.jpg,0.17747174,0.0023388027
data/test/nevus/ISIC_0015582.jpg,0.12459665,0.000114133276
data/test/nevus/ISIC_0015593.jpg,0.10864254,0.0016240593
data/test/nevus/ISIC_0015603.jpg,0.11900007,0.0009106356
data/test/nevus/ISIC_0015607.jpg,0.2745272,0.92460996
data/test/nevus/ISIC_0015614.jpg,0.22789136,0.10419321
data/test/nevus/ISIC_0015617.jpg,0.009323419,0.0010542179
data/test/nevus/ISIC_0015625.jpg,0.47860923,5.7919737e-05
data/test/nevus/ISIC_0015631.jpg,0.031883266,0.004151092
data/test/nevus/ISIC_0015636.jpg,0.029557401,0.05711818
data/test/nevus/ISIC_0015638.jpg,0.032238755,4.1623403e-05
data/test/nevus/ISIC_0015641.jpg,0.06525993,0.12740391
data/test/nevus/ISIC_0015645.jpg,0.072942466,0.00029938048
data/test/nevus/ISIC_0015936.jpg,0.21015418,0.008244418
data/test/nevus/ISIC_0015937.jpg,0.0053123035,0.0005395184
data/test/nevus/ISIC_0015938.jpg,0.27129394,0.00026966858
data/test/nevus/ISIC_0015939.jpg,0.2946349,0.0010636784
data/test/nevus/ISIC_0015940.jpg,0.072840914,0.00024348668
data/test/nevus/ISIC_0015941.jpg,0.024649642,2.0983276e-05
data/test/nevus/ISIC_0015942.jpg,0.0033785547,0.0008119085
data/test/nevus/ISIC_0015943.jpg,0.0043408195,0.00090505194
data/test/nevus/ISIC_0015944.jpg,0.8094094,0.08177957
data/test/nevus/ISIC_0015945.jpg,0.07425821,0.0023792994
data/test/nevus/ISIC_0015946.jpg,0.050391927,0.0001745177
data/test/nevus/ISIC_0015947.jpg,0.018774915,1.4248768e-05
data/test/nevus/ISIC_0015948.jpg,0.0057127504,0.00015733331
data/test/nevus/ISIC_0015949.jpg,0.016006308,0.000874306
data/test/nevus/ISIC_0015950.jpg,0.0062277047,7.2517265e-05
data/test/nevus/ISIC_0015951.jpg,0.08352796,0.13156748
data/test/nevus/ISIC_0015952.jpg,0.24838403,0.020092132
data/test/nevus/ISIC_0015953.jpg,0.86324584,0.21180816
data/test/nevus/ISIC_0015954.jpg,0.018978525,0.0069110636
data/test/nevus/ISIC_0015955.jpg,0.31221995,0.00995269
data/test/nevus/ISIC_0015956.jpg,0.11489748,4.402826e-05
data/test/nevus/ISIC_0015957.jpg,0.016788954,0.86699176
data/test/nevus/ISIC_0015958.jpg,0.29339686,0.6562257
data/test/nevus/ISIC_0015959.jpg,0.037944883,0.007003732
data/test/nevus/ISIC_0015960.jpg,0.17137197,2.265394e-05
data/test/nevus/ISIC_0015961.jpg,0.21981785,1.1483378e-05
data/test/nevus/ISIC_0015962.jpg,0.004587244,0.00043055648
data/test/nevus/ISIC_0015963.jpg,0.0041650753,0.0014937104
data/test/nevus/ISIC_0015964.jpg,0.0004739126,2.2395827e-05
data/test/nevus/ISIC_0015965.jpg,0.16255812,5.260746e-06
data/test/nevus/ISIC_0015966.jpg,0.15016744,0.001100167
data/test/nevus/ISIC_0015967.jpg,0.090381466,0.73236734
data/test/nevus/ISIC_0015968.jpg,0.17304103,0.11996323
data/test/nevus/ISIC_0015969.jpg,0.1459348,0.007869336
data/test/nevus/ISIC_0015971.jpg,0.11608306,0.0026244149
data/test/nevus/ISIC_0015972.jpg,0.20003445,0.009483053
data/test/nevus/ISIC_0015973.jpg,0.030613549,0.16454127
data/test/nevus/ISIC_0015974.jpg,0.06773069,0.7983737
data/test/nevus/ISIC_0015975.jpg,0.21962124,2.7409124e-05
data/test/nevus/ISIC_0015976.jpg,0.23982774,1.9281499e-05
data/test/nevus/ISIC_0015978.jpg,0.03025614,0.9506367
data/test/nevus/ISIC_0015979.jpg,0.30109057,0.26239088
data/test/nevus/ISIC_0015980.jpg,0.030390263,0.0008572474
data/test/nevus/ISIC_0015981.jpg,0.091779,0.0015959449
data/test/nevus/ISIC_0015982.jpg,0.028918615,4.4246033e-05
data/test/nevus/ISIC_0015983.jpg,0.2873591,0.9999697
data/test/nevus/ISIC_0015984.jpg,0.0022710403,0.9935534
data/test/nevus/ISIC_0015985.jpg,0.054587323,0.013401881
data/test/nevus/ISIC_0015986.jpg,0.024381462,0.01240287
data/test/nevus/ISIC_0015987.jpg,0.016149888,0.005376782
data/test/nevus/ISIC_0015988.jpg,0.29333517,0.030115433
data/test/nevus/ISIC_0015989.jpg,0.24685997,0.00030399242
data/test/nevus/ISIC_0015990.jpg,0.15817182,1.679102e-06
data/test/nevus/ISIC_0015991.jpg,0.016694369,0.024889514
data/test/nevus/ISIC_0015992.jpg,0.0030711172,0.0023341551
data/test/nevus/ISIC_0015993.jpg,0.020523243,1.7436354e-05
data/test/nevus/ISIC_0015994.jpg,0.05164188,0.00010254353
data/test/nevus/ISIC_0015995.jpg,0.19838864,0.0010415408
data/test/nevus/ISIC_0015996.jpg,0.024615956,6.822161e-05
data/test/nevus/ISIC_0015997.jpg,0.30962938,0.032426853
data/test/nevus/ISIC_0015998.jpg,0.5127086,0.0037070767
data/test/nevus/ISIC_0015999.jpg,0.07167436,0.0009430463
data/test/nevus/ISIC_0016000.jpg,0.14701453,0.022090832
data/test/nevus/ISIC_0016001.jpg,0.23049401,0.5227717
data/test/nevus/ISIC_0016002.jpg,0.0056051305,0.0019381978
data/test/nevus/ISIC_0016003.jpg,0.029720817,5.10088e-06
data/test/nevus/ISIC_0016004.jpg,0.32282102,0.0012073094
data/test/nevus/ISIC_0016005.jpg,0.04671624,0.0034037153
data/test/nevus/ISIC_0016006.jpg,0.66752183,0.04545874
data/test/nevus/ISIC_0016007.jpg,0.030420601,0.6562595
data/test/nevus/ISIC_0016008.jpg,0.566118,0.03031097
data/test/nevus/ISIC_0016009.jpg,0.09014156,0.009922477
data/test/nevus/ISIC_0016011.jpg,0.006333821,0.9998758
data/test/nevus/ISIC_0016012.jpg,0.108777665,1.739382e-05
data/test/nevus/ISIC_0016013.jpg,0.026505534,0.5036942
data/test/nevus/ISIC_0016014.jpg,0.0080777025,0.0011501948
data/test/nevus/ISIC_0016015.jpg,0.3014786,0.012311421
data/test/nevus/ISIC_0016016.jpg,0.5693475,0.004225773
data/test/nevus/ISIC_0016017.jpg,0.041872233,2.8977493e-05
data/test/nevus/ISIC_0016018.jpg,0.0021788762,3.6359797e-05
data/test/nevus/ISIC_0016019.jpg,0.05956953,0.9549753
data/test/nevus/ISIC_0016022.jpg,0.6540143,0.00064468477
data/test/nevus/ISIC_0016023.jpg,0.40065482,0.02944333
data/test/nevus/ISIC_0016024.jpg,0.7977173,0.0004413909
data/test/nevus/ISIC_0016025.jpg,0.035601303,4.628898e-05
data/test/nevus/ISIC_0016026.jpg,0.35670245,0.00080625765
data/test/nevus/ISIC_0016027.jpg,0.052776176,0.3339298
data/test/nevus/ISIC_0016028.jpg,0.00022066399,0.99846977
data/test/nevus/ISIC_0016029.jpg,0.08233288,2.2195452e-05
data/test/nevus/ISIC_0016030.jpg,0.053352322,0.4060614
data/test/nevus/ISIC_0016031.jpg,0.25230086,6.5287524e-05
data/test/nevus/ISIC_0016033.jpg,0.10440222,0.2517066
data/test/nevus/ISIC_0016034.jpg,0.4142091,0.000106663654
data/test/nevus/ISIC_0016035.jpg,0.46661937,0.13516572
data/test/nevus/ISIC_0016036.jpg,0.61391896,0.20711961
data/test/nevus/ISIC_0016037.jpg,0.26163933,0.025418159
data/test/nevus/ISIC_0016038.jpg,0.009829866,0.00013982262
data/test/nevus/ISIC_0016040.jpg,0.27103177,0.0035153178
data/test/nevus/ISIC_0016041.jpg,0.6589285,0.9959558
data/test/nevus/ISIC_0016042.jpg,0.3436883,0.00029948156
data/test/nevus/ISIC_0016043.jpg,0.29963076,0.0093768705
data/test/nevus/ISIC_0016044.jpg,0.007866407,0.014412019
data/test/nevus/ISIC_0016045.jpg,0.03510435,0.0012697139
data/test/nevus/ISIC_0016046.jpg,0.96962017,7.618612e-05
data/test/nevus/ISIC_0016048.jpg,0.029266272,0.004475549
data/test/nevus/ISIC_0016049.jpg,0.20241922,0.007500082
data/test/nevus/ISIC_0016050.jpg,0.20054303,7.873826e-05
data/test/nevus/ISIC_0016051.jpg,0.0355398,0.009857729
data/test/nevus/ISIC_0016052.jpg,0.62455434,0.002604898
data/test/nevus/ISIC_0016053.jpg,0.30926085,0.0009440455
data/test/nevus/ISIC_0016054.jpg,0.06405418,0.86804336
data/test/nevus/ISIC_0016055.jpg,0.76936847,0.5816999
data/test/nevus/ISIC_0016056.jpg,0.3200922,0.00036721214
data/test/nevus/ISIC_0016057.jpg,0.03676835,0.00096469
data/test/nevus/ISIC_0016058.jpg,0.10262982,0.030149335
data/test/nevus/ISIC_0016059.jpg,0.54461735,0.00017158086
data/test/nevus/ISIC_0016060.jpg,0.087213024,0.0626938
data/test/nevus/ISIC_0016061.jpg,0.03850074,0.0001272887
data/test/nevus/ISIC_0016062.jpg,0.1179287,4.088608e-06
data/test/nevus/ISIC_0016063.jpg,0.3528103,0.00014325195
data/test/nevus/ISIC_0016064.jpg,0.0256184,0.18181688
data/test/nevus/ISIC_0016065.jpg,0.021366823,0.04276931
data/test/nevus/ISIC_0016066.jpg,0.96335566,0.00011787997
data/test/nevus/ISIC_0016068.jpg,0.965624,0.00035504677
data/test/nevus/ISIC_0016069.jpg,0.015827518,0.00029081778
data/test/nevus/ISIC_0016070.jpg,0.03728434,0.009745929
data/test/nevus/ISIC_0016071.jpg,0.25601092,5.6843914e-05
data/test/nevus/ISIC_0016072.jpg,0.7779168,0.0015590162
data/test/seborrheic_keratosis/ISIC_0012086.jpg,0.030761916,0.8396575
data/test/seborrheic_keratosis/ISIC_0012134.jpg,0.5112642,0.9979644
data/test/seborrheic_keratosis/ISIC_0012136.jpg,0.7849013,0.8732052
data/test/seborrheic_keratosis/ISIC_0012178.jpg,0.18453974,0.6946029
data/test/seborrheic_keratosis/ISIC_0012199.jpg,0.93110645,0.0023041232
data/test/seborrheic_keratosis/ISIC_0012207.jpg,0.05453384,0.0151517205
data/test/seborrheic_keratosis/ISIC_0012215.jpg,0.22781196,0.89279795
data/test/seborrheic_keratosis/ISIC_0012223.jpg,0.75437874,0.9183222
data/test/seborrheic_keratosis/ISIC_0012240.jpg,0.67697674,0.3839021
data/test/seborrheic_keratosis/ISIC_0012248.jpg,0.2239687,0.1989373
data/test/seborrheic_keratosis/ISIC_0012265.jpg,0.8525697,0.009472725
data/test/seborrheic_keratosis/ISIC_0012266.jpg,0.4077665,0.11118924
data/test/seborrheic_keratosis/ISIC_0012272.jpg,0.012192232,0.90256804
data/test/seborrheic_keratosis/ISIC_0012273.jpg,0.7082933,0.20478465
data/test/seborrheic_keratosis/ISIC_0012314.jpg,0.077753104,0.9973562
data/test/seborrheic_keratosis/ISIC_0012323.jpg,0.2851081,0.13826841
data/test/seborrheic_keratosis/ISIC_0012330.jpg,0.1796227,0.8214086
data/test/seborrheic_keratosis/ISIC_0012358.jpg,0.24770303,0.99904627
data/test/seborrheic_keratosis/ISIC_0012364.jpg,0.17833447,0.9133454
data/test/seborrheic_keratosis/ISIC_0012372.jpg,0.054322965,0.98485893
data/test/seborrheic_keratosis/ISIC_0012375.jpg,0.14011951,0.9995814
data/test/seborrheic_keratosis/ISIC_0012387.jpg,0.10486729,0.7244511
data/test/seborrheic_keratosis/ISIC_0012388.jpg,0.04819313,0.9067037
data/test/seborrheic_keratosis/ISIC_0012414.jpg,0.16109252,0.94381785
data/test/seborrheic_keratosis/ISIC_0012428.jpg,0.7136687,0.23388283
data/test/seborrheic_keratosis/ISIC_0012432.jpg,0.40641466,0.6871285
data/test/seborrheic_keratosis/ISIC_0012447.jpg,0.113967575,0.054696027
data/test/seborrheic_keratosis/ISIC_0012448.jpg,0.21127582,0.23302533
data/test/seborrheic_keratosis/ISIC_0012510.jpg,0.21829356,0.02059297
data/test/seborrheic_keratosis/ISIC_0012522.jpg,0.059207007,0.6470204
data/test/seborrheic_keratosis/ISIC_0012537.jpg,0.016034413,0.030215124
data/test/seborrheic_keratosis/ISIC_0012548.jpg,0.419086,0.07368749
data/test/seborrheic_keratosis/ISIC_0012705.jpg,0.63848126,0.018716209
data/test/seborrheic_keratosis/ISIC_0012757.jpg,0.023983004,0.48397583
data/test/seborrheic_keratosis/ISIC_0012786.jpg,0.021701572,0.7147653
data/test/seborrheic_keratosis/ISIC_0012848.jpg,0.26087338,0.0068290434
data/test/seborrheic_keratosis/ISIC_0012852.jpg,0.06901294,0.92179435
data/test/seborrheic_keratosis/ISIC_0012928.jpg,0.09118558,0.9549843
data/test/seborrheic_keratosis/ISIC_0012955.jpg,0.17424178,0.9964252
data/test/seborrheic_keratosis/ISIC_0012974.jpg,0.020682717,0.89540035
data/test/seborrheic_keratosis/ISIC_0013030.jpg,0.08990999,0.43821803
data/test/seborrheic_keratosis/ISIC_0013035.jpg,0.6091361,0.9539102
data/test/seborrheic_keratosis/ISIC_0013085.jpg,0.0289432,0.9996593
data/test/seborrheic_keratosis/ISIC_0013169.jpg,0.19700095,0.87961465
data/test/seborrheic_keratosis/ISIC_0013170.jpg,0.7845685,0.60717523
data/test/seborrheic_keratosis/ISIC_0013203.jpg,0.014141713,0.8409999
data/test/seborrheic_keratosis/ISIC_0013270.jpg,0.080999516,0.00031471538
data/test/seborrheic_keratosis/ISIC_0013271.jpg,0.6076822,0.010562861
data/test/seborrheic_keratosis/ISIC_0013281.jpg,0.09115958,0.95315105
data/test/seborrheic_keratosis/ISIC_0013319.jpg,0.0477018,0.9880931
data/test/seborrheic_keratosis/ISIC_0013393.jpg,0.00873843,0.98811716
data/test/seborrheic_keratosis/ISIC_0013465.jpg,0.0017959422,0.13876967
data/test/seborrheic_keratosis/ISIC_0013673.jpg,0.0065302565,0.9997814
data/test/seborrheic_keratosis/ISIC_0013708.jpg,0.1528378,0.9999831
data/test/seborrheic_keratosis/ISIC_0013764.jpg,0.90485513,0.5073972
data/test/seborrheic_keratosis/ISIC_0013977.jpg,0.062854014,0.99664754
data/test/seborrheic_keratosis/ISIC_0014006.jpg,0.33413234,0.66229165
data/test/seborrheic_keratosis/ISIC_0014177.jpg,0.055035092,0.08205226
data/test/seborrheic_keratosis/ISIC_0014251.jpg,0.6288369,0.88655704
data/test/seborrheic_keratosis/ISIC_0014278.jpg,0.10188522,0.5162113
data/test/seborrheic_keratosis/ISIC_0014386.jpg,0.19555278,0.42269495
data/test/seborrheic_keratosis/ISIC_0014392.jpg,0.28803328,0.29808772
data/test/seborrheic_keratosis/ISIC_0014409.jpg,0.013582859,0.06734054
data/test/seborrheic_keratosis/ISIC_0014419.jpg,0.20632386,0.38627788
data/test/seborrheic_keratosis/ISIC_0014457.jpg,0.092348546,0.010382424
data/test/seborrheic_keratosis/ISIC_0014474.jpg,0.0062550562,0.9941169
data/test/seborrheic_keratosis/ISIC_0014500.jpg,0.59434,0.92008376
data/test/seborrheic_keratosis/ISIC_0014503.jpg,0.05562965,0.96494985
data/test/seborrheic_keratosis/ISIC_0014567.jpg,0.028842805,0.99995184
data/test/seborrheic_keratosis/ISIC_0014574.jpg,0.03665483,0.63004744
data/test/seborrheic_keratosis/ISIC_0014575.jpg,0.012132131,0.9822052
data/test/seborrheic_keratosis/ISIC_0014586.jpg,0.25518236,0.28920707
data/test/seborrheic_keratosis/ISIC_0014587.jpg,0.6496494,0.07437908
data/test/seborrheic_keratosis/ISIC_0014588.jpg,0.012164897,0.82001984
data/test/seborrheic_keratosis/ISIC_0014590.jpg,0.1284913,0.45639163
data/test/seborrheic_keratosis/ISIC_0014600.jpg,0.4034017,0.5990549
data/test/seborrheic_keratosis/ISIC_0014619.jpg,0.51586145,0.9536123
data/test/seborrheic_keratosis/ISIC_0014626.jpg,0.23847331,0.9996604
data/test/seborrheic_keratosis/ISIC_0014627.jpg,0.108179264,0.99993646
data/test/seborrheic_keratosis/ISIC_0014629.jpg,0.06419155,0.9929497
data/test/seborrheic_keratosis/ISIC_0014631.jpg,0.06281747,0.9976673
data/test/seborrheic_keratosis/ISIC_0014634.jpg,0.034411553,0.99445736
data/test/seborrheic_keratosis/ISIC_0014643.jpg,0.017525626,0.99863726
data/test/seborrheic_keratosis/ISIC_0014644.jpg,0.08128017,0.9985323
data/test/seborrheic_keratosis/ISIC_0014645.jpg,0.70761704,0.99157953
data/test/seborrheic_keratosis/ISIC_0014647.jpg,0.008092773,0.87851906
data/test/seborrheic_keratosis/ISIC_0014648.jpg,0.047707982,0.99995744
data/test/seborrheic_keratosis/ISIC_0014649.jpg,0.0072931186,0.9999869
data/test/seborrheic_keratosis/ISIC_0014652.jpg,0.036994744,0.9835422
data/test/seborrheic_keratosis/ISIC_0014653.jpg,0.051488142,0.8972655
